{"Resonse Time:": [2.5658130645751953, 1.3663179874420166, 1.963360071182251, 1.2956931591033936], "Average Time": 1.7977960705757141, "Responses": [0, 0, 0, 0], "Correct Rate": 0.0}