{"Resonse Time:": [2.4541680812835693, 1.2708640098571777, 1.6219501495361328, 1.436460018157959], "Average Time": 1.6958605647087097, "Responses": [1, 0, 0, 0], "Correct Rate": 0.25}