{"Resonse Time:": [3.5856292247772217, 1.6677587032318115, 1.3930699825286865, 6.231014728546143], "Average Time": 3.2193681597709656, "Responses": [0, 0, 0, 1], "Correct Rate": 0.25}