{"Resonse Time:": [2.4961860179901123, 1.8494079113006592, 2.617743968963623, 3.926093816757202, 2.388335943222046, 2.7327959537506104, 7.7888100147247314, 2.5665149688720703, 2.571789026260376, 7.036122798919678], "Average Time": 3.597380042076111, "Responses": [0, 0, 0, 1, 0, 1, 0, 1, 0, 0], "Correct Rate": 0.3}