{"Resonse Time": [8.767666578292847, 3.197150945663452, 3.745128870010376, 2.826974391937256, 4.727207183837891, 3.887488603591919, 9.641909837722778, 10.101149082183838, 4.756798028945923, 2.6716578006744385], "Average Time": 5.432313132286072, "Responses": [0, 1, 1, 1, 1, 0, 1, 1, 1, 1], "Correct Rate": 0.8, "Entropy Score": [3.0035440962362774, 3.8117416249648164, 1.6245703850384197, 1.250042770780851, 3.541082083729496, 3.268445916755238, 3.048748652513768, 2.443754212998977, 4.447021654806025, 4.11357834530235], "Average Entropy": 3.055252974312622}