{"Resonse Time": [2.1643526554107666, 2.635554075241089, 5.3317015171051025, 7.031457901000977, 8.492628335952759, 12.658169746398926, 2.5175650119781494, 3.3353922367095947, 5.096985816955566, 6.144268274307251], "Average Time": 5.540807557106018, "Responses": [1, 0, 1, 1, 0, 0, 1, 1, 1, 0], "Correct Rate": 0.6, "Entropy Score": [1.9657400960360276, 3.294913259132816, 4.815602119761418, 3.904487562408872, 4.158783317660071, 4.747729943386153, 1.530465645698065, 4.586974082483756, 3.143899824844264, 4.3622088058796695], "Average Entropy": 3.6510804657291103}