{"Resonse Time": [5.268715143203735, 3.645913600921631, 3.5835916996002197, 1.8332905769348145, 4.80793833732605, 6.035632133483887, 6.317866325378418, 5.3916778564453125, 3.5561907291412354, 5.227195978164673], "Average Time": 4.566801238059997, "Responses": [1, 1, 1, 1, 1, 1, 1, 0, 1, 1], "Correct Rate": 0.9, "Entropy Score": [4.197034725010284, 4.17384931116035, 3.2609565334878354, 4.271634000320021, 2.9765746798976687, 5.691314641665331, 3.215088206984337, 3.3112140917369506, 2.768176826150174, 2.436166198337714], "Average Entropy": 3.6302009214750663}