{"Resonse Time": [5.900871992111206, 7.48528265953064, 3.800687551498413, 3.5679931640625, 4.440297603607178, 6.740892171859741, 2.6288528442382812, 4.420617580413818, 4.315630674362183, 5.724178075790405], "Average Time": 4.9025304317474365, "Responses": [1, 1, 1, 1, 1, 1, 1, 1, 1, 1], "Correct Rate": 1.0, "Entropy Score": [4.68825706614526, 2.6972178970698666, 3.7550600948465562, 4.430204222408657, 3.495145296179881, 3.802707043070855, 5.178630883598982, 2.6291033446125613, 3.2993487384105604, 4.227165739274037], "Average Entropy": 3.820284032561721}