{"Resonse Time": [3.045016050338745, 11.398111820220947, 10.858028173446655, 2.9073610305786133, 4.527524948120117, 4.852118015289307, 4.546603202819824, 5.292810678482056, 3.5285046100616455, 7.8654139041900635], "Average Time": 5.882149243354798, "Responses": [1, 1, 1, 0, 1, 1, 0, 0, 0, 1], "Correct Rate": 0.6, "Entropy Score": [2.6166183675981665, 3.0812769144385097, 3.8197086368233597, 1.419948548314151, 3.5429485286422024, 1.772064820911526, 2.9316488056809282, 1.776924450635843, 1.2988625316617304, 3.651296944059588], "Average Entropy": 2.5911298548766006}