{"Resonse Time:": [2.4566969871520996, 1.218064785003662, 0.7120869159698486, 0.6167917251586914], "Average Time": 1.2509101033210754, "Responses": [0, 0, 0, 0], "Correct Rate": 0.0}